<?xml version="1.0" encoding="UTF-8"?>

<!DOCTYPE struts PUBLIC
        "-//Apache Software Foundation//DTD Struts Configuration 2.3//EN"
        "http://struts.apache.org/dtds/struts-2.3.dtd">

<struts>
    <constant name="struts.multipart.maxSize" value="30000000" />
    <package name="doctor" namespace="/doctor" extends="struts-default">
        <action name="login" class="com.shinerio.action.DoctorAction" method="isLogin">
            <result name="success" type="redirect">/dynamicData.jsp</result>
            <result name="input">/doctorLogin.jsp</result>
        </action>
        <action name="logOut" class="com.shinerio.action.DoctorAction" method="logOut">
            <result name="success" type="redirect">/dynamicData.jsp</result>
        </action>
        <action name="addDoctor" class="com.shinerio.action.DoctorAction" method="addDoctor">
            <result name="success" type="redirect">/addDoctor.jsp</result>
            <result name="input">/error.jsp</result>
        </action>
    </package>

    <package name="patient" namespace="/patient" extends="struts-default">
        <action name="login" class="com.shinerio.action.PatientAction" method="login">
        </action>
        <action name="listHistoryData" class="com.shinerio.action.PatientAction" method="listHistoryData">
        </action>
        <action name="getRawData" class="com.shinerio.action.PatientAction" method="getRawData">
        </action>
    </package>

    <package name="admin" namespace="/admin" extends="struts-default">
        <action name="login" class="com.shinerio.action.AdministratorAction" method="login">
            <result name="success" type="redirect">/superManage.jsp</result>
            <result name="error">/error.jsp</result>
        </action>
        <action name="list" class="com.shinerio.action.AdministratorAction" method="listDoctor">
        </action>
    </package>

    <package name="evaluation" namespace="/evaluation" extends="struts-default">
        <action name="addEvaluation_info" class="com.shinerio.action.EvaluationAction" method="addEvaluation_info">
        </action>
        <action name="addRawdatas" class="com.shinerio.action.EvaluationAction" method="addRawdatas">
        </action>
        <action name="getEvaluationId" class="com.shinerio.action.EvaluationAction" method="getEvaluationId">
        </action>
    </package>
</struts>